Device,Scan Hostname,Description,Scan DeviceID,MAC,Hostname,Network,IP,Subnet,Gateway,Room_Name,Room_Number,Room_Type,processorIP,IPID,Floor,codec_ip,program_name,config_file_name,config_file_path,load_code_number,,display_number
,,RMC3-,,00107fa6e1fe,wf02-6106-rmc3,10.5.9.0/24,10.5.9.12,255.255.255.0,10.5.9.1,Comic Sans,6106,Med VC,,,6,10.5.9.11,,Apple.AC2.T05.Developer.Config_TEMPLATE_v01.06.json,C:\Users\p_sanderson\Documents\All Crestron Code\APPLE\WF01\Pepperdash Code\Apple T05 Programming\Apple T07 Programming\Apple.AC2.T05.Developer.Config_TEMPLATE_v01.06,1,,
,,RMC3-,,00107fa6d4d8,wf02-6107-rmc3,10.5.9.0/24,10.5.9.16,255.255.255.0,10.5.9.1,Wingdings,6107,Med VC,,,6,10.5.9.15,,Apple.AC2.T05.Developer.Config_TEMPLATE_v01.06.json,C:\Users\p_sanderson\Documents\All Crestron Code\APPLE\WF01\Pepperdash Code\Apple T05 Programming\Apple T07 Programming\Apple.AC2.T05.Developer.Config_TEMPLATE_v01.06,1,,
,,RMC3-,,00107fa800f2,wf02-6112-rmc3,10.5.9.0/24,10.5.9.20,255.255.255.0,10.5.9.1,Bookman,6112,Med VC,,,6,10.5.9.19,,Apple.AC2.T05.Developer.Config_TEMPLATE_v01.06.json,C:\Users\p_sanderson\Documents\All Crestron Code\APPLE\WF01\Pepperdash Code\Apple T05 Programming\Apple T07 Programming\Apple.AC2.T05.Developer.Config_TEMPLATE_v01.06,1,,
,,RMC3-,MISSING,00107fa6ddc6,wf02-6206-rmc3,10.5.9.0/24,10.5.9.24,255.255.255.0,10.5.9.1,Luminari,6206,Sm VC,,,6,10.5.9.23,,Apple.AC2.T05.Developer.Config_TEMPLATE_v01.06.json,C:\Users\p_sanderson\Documents\All Crestron Code\APPLE\WF01\Pepperdash Code\Apple T05 Programming\Apple T07 Programming\Apple.AC2.T05.Developer.Config_TEMPLATE_v01.06,1,,
,,RMC3-,,00107fa80134,wf02-6212-rmc3,10.5.9.0/24,10.5.9.28,255.255.255.0,10.5.9.1,Helvetica,6212,Med VC,,,6,10.5.9.27,,Apple.AC2.T05.Developer.Config_TEMPLATE_v01.06.json,C:\Users\p_sanderson\Documents\All Crestron Code\APPLE\WF01\Pepperdash Code\Apple T05 Programming\Apple T07 Programming\Apple.AC2.T05.Developer.Config_TEMPLATE_v01.06,1,,
,,RMC3-,,00107fa6a516,wf02-6213-rmc3,10.5.9.0/24,10.5.9.32,255.255.255.0,10.5.9.1,SF Hello,6213,Med VC,,,6,10.5.9.31,,Apple.AC2.T05.Developer.Config_TEMPLATE_v01.06.json,C:\Users\p_sanderson\Documents\All Crestron Code\APPLE\WF01\Pepperdash Code\Apple T05 Programming\Apple T07 Programming\Apple.AC2.T05.Developer.Config_TEMPLATE_v01.06,1,,
,,RMC3-,,00107fa80249,wf02-6408-rmc3,10.5.9.0/24,10.5.9.36,255.255.255.0,10.5.9.1,Garamond,6408,Med VC,,,6,10.5.9.35,,Apple.AC2.T05.Developer.Config_TEMPLATE_v01.06.json,C:\Users\p_sanderson\Documents\All Crestron Code\APPLE\WF01\Pepperdash Code\Apple T05 Programming\Apple T07 Programming\Apple.AC2.T05.Developer.Config_TEMPLATE_v01.06,1,,
,,RMC3-,,00107fa6def2,wf02-6410-rmc3,10.5.9.0/24,10.5.9.41,255.255.255.0,10.5.9.1,Futura,6410,Lrg VC,,,6,10.5.9.40,,Apple.AC2.T05.Developer.Config_TEMPLATE_v01.06.json,C:\Users\p_sanderson\Documents\All Crestron Code\APPLE\WF01\Pepperdash Code\Apple T05 Programming\Apple T07 Programming\Apple.AC2.T05.Developer.Config_TEMPLATE_v01.06,1,,
,,RMC3-,,00107fa6e250,wf02-6422-rmc3,10.5.9.0/24,10.5.9.45,255.255.255.0,10.5.9.1,Courier,6422,Med VC,,,6,10.5.9.44,,Apple.AC2.T05.Developer.Config_TEMPLATE_v01.06.json,C:\Users\p_sanderson\Documents\All Crestron Code\APPLE\WF01\Pepperdash Code\Apple T05 Programming\Apple T07 Programming\Apple.AC2.T05.Developer.Config_TEMPLATE_v01.06,1,,
,,RMC3-,,00107fa6dbd2,wf01-6122-rmc3,10.5.1.0/24,10.5.1.14,255.255.255.0,10.5.1.1,Coffeeville,6122,Lrg VC,,,6,10.5.1.13,,Apple.AC2.T05.Developer.Config_TEMPLATE_v01.06.json,C:\Users\p_sanderson\Documents\All Crestron Code\APPLE\WF01\Pepperdash Code\Apple T05 Programming\Apple T07 Programming\Apple.AC2.T05.Developer.Config_TEMPLATE_v01.06,1,,
,,RMC3-,,00107fa6d633,wf01-6121-rmc3,10.5.1.0/24,10.5.1.18,255.255.255.0,10.5.1.1,Walla Walla,6121,Med VC,,,6,10.5.1.17,,Apple.AC2.T05.Developer.Config_TEMPLATE_v01.06.json,C:\Users\p_sanderson\Documents\All Crestron Code\APPLE\WF01\Pepperdash Code\Apple T05 Programming\Apple T07 Programming\Apple.AC2.T05.Developer.Config_TEMPLATE_v01.06,1,,
,,RMC3-,,00107fa6d9c3,wf01-6120-rmc3,10.5.1.0/24,10.5.1.22,255.255.255.0,10.5.1.1,Half Moon Bay,6120,XL VC,,,6,10.5.1.21,,Apple.AC2.T05.Developer.Config_TEMPLATE_v01.06.json,C:\Users\p_sanderson\Documents\All Crestron Code\APPLE\WF01\Pepperdash Code\Apple T05 Programming\Apple T07 Programming\Apple.AC2.T05.Developer.Config_TEMPLATE_v01.06,1,,
,,RMC3-,,00107fa6dd8d,wf01-6204-rmc3,10.5.1.0/24,10.5.1.26,255.255.255.0,10.5.1.1,Yakima,6204,Med VC,,,6,10.5.1.25,,Apple.AC2.T05.Developer.Config_TEMPLATE_v01.06.json,C:\Users\p_sanderson\Documents\All Crestron Code\APPLE\WF01\Pepperdash Code\Apple T05 Programming\Apple T07 Programming\Apple.AC2.T05.Developer.Config_TEMPLATE_v01.06,1,,
,,RMC3-,,00107fa6dc1f,wf01-6205-rmc3,10.5.1.0/24,10.5.1.30,255.255.255.0,10.5.1.1,Minerva,6205,Med VC,,,6,10.5.1.29,,Apple.AC2.T05.Developer.Config_TEMPLATE_v01.06.json,C:\Users\p_sanderson\Documents\All Crestron Code\APPLE\WF01\Pepperdash Code\Apple T05 Programming\Apple T07 Programming\Apple.AC2.T05.Developer.Config_TEMPLATE_v01.06,1,,
,,RMC3-,,00107fa6dcf2,wf01-6301-rmc3,10.5.1.0/24,10.5.1.34,255.255.255.0,10.5.1.1,Kalamazoo,6301,Lrg VC,,,6,10.5.1.33,,Apple.AC2.T05.Developer.Config_TEMPLATE_v01.06.json,C:\Users\p_sanderson\Documents\All Crestron Code\APPLE\WF01\Pepperdash Code\Apple T05 Programming\Apple T07 Programming\Apple.AC2.T05.Developer.Config_TEMPLATE_v01.06,1,,
,,RMC3-,,00107fa6e202,wf01-6320-rmc3,10.5.1.0/24,10.5.1.38,255.255.255.0,10.5.1.1,Fargo,6320,Med VC,,,6,10.5.1.37,,Apple.AC2.T05.Developer.Config_TEMPLATE_v01.06.json,C:\Users\p_sanderson\Documents\All Crestron Code\APPLE\WF01\Pepperdash Code\Apple T05 Programming\Apple T07 Programming\Apple.AC2.T05.Developer.Config_TEMPLATE_v01.06,1,,
,,RMC3-,,00107fa6e0ba,wf01-6404-rmc3,10.5.1.0/24,10.5.1.42,255.255.255.0,10.5.1.1,Solvang,6404,Med VC,,,6,10.5.1.41,,Apple.AC2.T05.Developer.Config_TEMPLATE_v01.06.json,C:\Users\p_sanderson\Documents\All Crestron Code\APPLE\WF01\Pepperdash Code\Apple T05 Programming\Apple T07 Programming\Apple.AC2.T05.Developer.Config_TEMPLATE_v01.06,1,,
,,RMC3-,,00107fa6dcfa,wf01-6421-rmc3,10.5.1.0/24,10.5.1.46,255.255.255.0,10.5.1.1,Sedona,6421,Med VC,,,6,10.5.1.45,,Apple.AC2.T05.Developer.Config_TEMPLATE_v01.06.json,C:\Users\p_sanderson\Documents\All Crestron Code\APPLE\WF01\Pepperdash Code\Apple T05 Programming\Apple T07 Programming\Apple.AC2.T05.Developer.Config_TEMPLATE_v01.06,1,,
,,RMC3-,,00107fa6e0c4,wf01-6435-rmc3,10.5.1.0/24,10.5.1.50,255.255.255.0,10.5.1.1,Dragonville,6435,Med VC,,,6,10.5.1.49,,Apple.AC2.T05.Developer.Config_TEMPLATE_v01.06.json,C:\Users\p_sanderson\Documents\All Crestron Code\APPLE\WF01\Pepperdash Code\Apple T05 Programming\Apple T07 Programming\Apple.AC2.T05.Developer.Config_TEMPLATE_v01.06,1,,
,,DM-TX,,00107fa74b58          ,wf02-6106-tx,10.5.9.0/24,10.5.9.14,255.255.255.0,10.5.9.1,Comic Sans,6106,Med VC,10.5.9.12,61,6,,,,,,,
,,DM-TX,,00107fa74ab9         ,wf02-6107-tx,10.5.9.0/24,10.5.9.18,255.255.255.0,10.5.9.1,Wingdings,6107,Med VC,10.5.9.16,61,6,,,,,,,
,,DM-TX,,00107fa74ac2          ,wf02-6112-tx,10.5.9.0/24,10.5.9.22,255.255.255.0,10.5.9.1,Bookman,6112,Med VC,10.5.9.20,61,6,,,,,,,
,,DM-TX,,00107fa74b67         ,wf02-6206-tx,10.5.9.0/24,10.5.9.26,255.255.255.0,10.5.9.1,Luminari,6206,Sm VC,10.5.9.24,61,6,,,,,,,
,,DM-TX,,00107fa74b03          ,wf02-6212-tx,10.5.9.0/24,10.5.9.30,255.255.255.0,10.5.9.1,Helvetica,6212,Med VC,10.5.9.28,61,6,,,,,,,
,,DM-TX,,00107fa74b04          ,wf02-6213-tx,10.5.9.0/24,10.5.9.34,255.255.255.0,10.5.9.1,SF Hello,6213,Med VC,10.5.9.32,61,6,,,,,,,
,,DM-TX,,00107fa74b6e          ,wf02-6408-tx,10.5.9.0/24,10.5.9.38,255.255.255.0,10.5.9.1,Garamond,6408,Med VC,10.5.9.36,61,6,,,,,,,
,,DM-TX,,00107fa74bde          ,wf02-6410-tx,10.5.9.0/24,10.5.9.43,255.255.255.0,10.5.9.1,Futura,6410,Lrg VC,10.5.9.41,61,6,,,,,,,
,,DM-TX,,00107fa74b11          ,wf02-6422-tx,10.5.9.0/24,10.5.9.47,255.255.255.0,10.5.9.1,Courier,6422,Med VC,10.5.9.45,61,6,,,,,,,
,,DM-TX,,00107fa75475          ,wf01-6122-tx,10.5.1.0/24,10.5.1.16,255.255.255.0,10.5.1.1,Coffeeville,6122,Lrg VC,10.5.1.14,61,6,,,,,,,
,,DM-TX,,00107fa74c21          ,wf01-6121-tx,10.5.1.0/24,10.5.1.20,255.255.255.0,10.5.1.1,Walla Walla,6121,Med VC,10.5.1.18,61,6,,,,,,,
,,DM-TX,,00107fa7530e          ,wf01-6120-tx,10.5.1.0/24,10.5.1.24,255.255.255.0,10.5.1.1,Half Moon Bay,6120,XL VC,10.5.1.22,61,6,,,,,,,
,,DM-TX,,00107fa74b26         ,wf01-6204-tx,10.5.1.0/24,10.5.1.28,255.255.255.0,10.5.1.1,Yakima,6204,Med VC,10.5.1.26,61,6,,,,,,,
,,DM-TX,,00107fa74aeb         ,wf01-6205-tx,10.5.1.0/24,10.5.1.32,255.255.255.0,10.5.1.1,Minerva,6205,Med VC,10.5.1.30,61,6,,,,,,,
,,DM-TX,,00107fa74b30          ,wf01-6301-tx,10.5.1.0/24,10.5.1.36,255.255.255.0,10.5.1.1,Kalamazoo,6301,Lrg VC,10.5.1.34,61,6,,,,,,,
,,DM-TX,,00107fa74b38          ,wf01-6320-tx,10.5.1.0/24,10.5.1.40,255.255.255.0,10.5.1.1,Fargo,6320,Med VC,10.5.1.38,61,6,,,,,,,
,,DM-TX,,00107fa74ba2          ,wf01-6404-tx,10.5.1.0/24,10.5.1.44,255.255.255.0,10.5.1.1,Solvang,6404,Med VC,10.5.1.42,61,6,,,,,,,
,,DM-TX,,00107fa74b41          ,wf01-6421-tx,10.5.1.0/24,10.5.1.48,255.255.255.0,10.5.1.1,Sedona,6421,Med VC,10.5.1.46,61,6,,,,,,,
,,DM-TX,,00107fa74ba9          ,wf01-6435-tx,10.5.1.0/24,10.5.1.52,255.255.255.0,10.5.1.1,Dragonville,6435,Med VC,10.5.1.50,61,6,,,,,,,
,,DM-RMC,,00107f95ce66 ,wf02-6106-rmc,10.5.9.0/24,10.5.9.13,255.255.255.0,10.5.9.1,Comic Sans,6106,Med VC,10.5.9.12,71,6,,,,,,,
,,DM-RMC,,00107f9574f7 ,wf02-6107-rmc,10.5.9.0/24,10.5.9.17,255.255.255.0,10.5.9.1,Wingdings,6107,Med VC,10.5.9.16,71,6,,,,,,,
,,DM-RMC,,00107f95d1fe ,wf02-6112-rmc,10.5.9.0/24,10.5.9.21,255.255.255.0,10.5.9.1,Bookman,6112,Med VC,10.5.9.20,71,6,,,,,,,
,,DM-RMC,,00107f95d097 ,wf02-6206-rmc,10.5.9.0/24,10.5.9.25,255.255.255.0,10.5.9.1,Luminari,6206,Sm VC,10.5.9.24,71,6,,,,,,,
,,DM-RMC,,00107f957bfc ,wf02-6212-rmc,10.5.9.0/24,10.5.9.29,255.255.255.0,10.5.9.1,Helvetica,6212,Med VC,10.5.9.28,71,6,,,,,,,
,,DM-RMC,,00107f95d1aa ,wf02-6213-rmc,10.5.9.0/24,10.5.9.33,255.255.255.0,10.5.9.1,SF Hello,6213,Med VC,10.5.9.32,71,6,,,,,,,
,,DM-RMC,,00107f956e72 ,wf02-6408-rmc,10.5.9.0/24,10.5.9.37,255.255.255.0,10.5.9.1,Garamond,6408,Med VC,10.5.9.36,71,6,,,,,,,
,,DM-RMC,,00107f956e10 ,wf02-6410-rmc,10.5.9.0/24,10.5.9.42,255.255.255.0,10.5.9.1,Futura,6410,Lrg VC,10.5.9.41,71,6,,,,,,,
,,DM-RMC,,00107f95d050 ,wf02-6422-rmc,10.5.9.0/24,10.5.9.46,255.255.255.0,10.5.9.1,Courier,6422,Med VC,10.5.9.45,71,6,,,,,,,
,,DM-RMC,,00107f956ffb ,wf01-6122-rmc,10.5.1.0/24,10.5.1.15,255.255.255.0,10.5.1.1,Coffeeville,6122,Lrg VC,10.5.1.14,71,6,,,,,,,
,,DM-RMC,,00107f95cfaf ,wf01-6121-rmc,10.5.1.0/24,10.5.1.19,255.255.255.0,10.5.1.1,Walla Walla,6121,Med VC,10.5.1.18,71,6,,,,,,,
,,DM-RMC,,00107f95cfb4 ,wf01-6120-rmc,10.5.1.0/24,10.5.1.23,255.255.255.0,10.5.1.1,Half Moon Bay,6120,XL VC,10.5.1.22,71,6,,,,,,,
,,DM-RMC,,00107f95cfb8 ,wf01-6204-rmc,10.5.1.0/24,10.5.1.27,255.255.255.0,10.5.1.1,Yakima,6204,Med VC,10.5.1.26,71,6,,,,,,,
,,DM-RMC,,00107f957d68,wf01-6205-rmc,10.5.1.0/24,10.5.1.31,255.255.255.0,10.5.1.1,Minerva,6205,Med VC,10.5.1.30,71,6,,,,,,,
,,DM-RMC,,00107f956f3d ,wf01-6301-rmc,10.5.1.0/24,10.5.1.35,255.255.255.0,10.5.1.1,Kalamazoo,6301,Lrg VC,10.5.1.34,71,6,,,,,,,
,,DM-RMC,,00107f957d72 ,wf01-6320-rmc,10.5.1.0/24,10.5.1.39,255.255.255.0,10.5.1.1,Fargo,6320,Med VC,10.5.1.38,71,6,,,,,,,
,,DM-RMC,,00107f95d068 ,wf01-6404-rmc,10.5.1.0/24,10.5.1.43,255.255.255.0,10.5.1.1,Solvang,6404,Med VC,10.5.1.42,71,6,,,,,,,
,,DM-RMC,,00107f95cf6a ,wf01-6421-rmc,10.5.1.0/24,10.5.1.47,255.255.255.0,10.5.1.1,Sedona,6421,Med VC,10.5.1.46,71,6,,,,,,,
,,DM-RMC,,00107f956f50 ,wf01-6435-rmc,10.5.1.0/24,10.5.1.51,255.255.255.0,10.5.1.1,Dragonville,6435,Med VC,10.5.1.50,71,6,,,,,,,
,RMC3-7FA90839,"RMC3 [v1.503.3318.26859 (Feb 01 2018), #011463C8]",E-00107fa90839,00107fa90839,wf01-5108-rmc3,10.5.1.0/24,10.5.1.54,255.255.255.0,10.5.1.1,,5108,Med VC,,,5,10.5.1.53,,Apple.AC2.T05.Developer.Config_TEMPLATE_v01.06.json,C:\Users\p_sanderson\Documents\All Crestron Code\APPLE\WF01\Pepperdash Code\Apple T05 Programming\Apple T07 Programming\Apple.AC2.T05.Developer.Config_TEMPLATE_v01.06,,,
,RMC3-7FA80342,"RMC3 [v1.503.3318.26859 (Feb 01 2018), #011457EA]",E-00107fa80342,00107fa80342,wf01-5120-rmc3,10.5.1.0/24,10.5.1.58,255.255.255.0,10.5.1.1,,5120,Med VC,,,5,10.5.1.57,,Apple.AC2.T05.Developer.Config_TEMPLATE_v01.06.json,C:\Users\p_sanderson\Documents\All Crestron Code\APPLE\WF01\Pepperdash Code\Apple T05 Programming\Apple T07 Programming\Apple.AC2.T05.Developer.Config_TEMPLATE_v01.06,,,
,RMC3-7FA6DBBF,"RMC3 [v1.503.3318.26859 (Feb 01 2018), #01145767]",E-00107fa6dbbf,00107fa6dbbf,wf01-5121-rmc3,10.5.1.0/24,10.5.1.61,255.255.255.0,10.5.1.1,,5121,Sm Conf,,,5,,,Apple.AC2.T05.Developer.Config_TEMPLATE_v01.06.json,C:\Users\p_sanderson\Documents\All Crestron Code\APPLE\WF01\Pepperdash Code\Apple T05 Programming\Apple T07 Programming\Apple.AC2.T05.Developer.Config_TEMPLATE_v01.06,,,
,RMC3-7FA081B2,"RMC3 [v1.503.3318.26859 (Feb 01 2018), #01122F22]",E-00107fa081b2,00107fa081b2,wf01-5124-rmc3,10.5.1.0/24,10.5.1.65,255.255.255.0,10.5.1.1,,5124,Med VC,,,5,10.5.1.64,,Apple.AC2.T05.Developer.Config_TEMPLATE_v01.06.json,C:\Users\p_sanderson\Documents\All Crestron Code\APPLE\WF01\Pepperdash Code\Apple T05 Programming\Apple T07 Programming\Apple.AC2.T05.Developer.Config_TEMPLATE_v01.06,,,
,RMC3-7FA6D1CA,"RMC3 [v1.503.3318.26859 (Feb 01 2018), #011456FE]",E-00107fa6d1ca,00107fa6d1ca,wf01-5125-rmc3,10.5.1.0/24,10.5.1.69,255.255.255.0,10.5.1.1,,5125,Lrg VC,,,5,10.5.1.68,,Apple.AC2.T05.Developer.Config_TEMPLATE_v01.06.json,C:\Users\p_sanderson\Documents\All Crestron Code\APPLE\WF01\Pepperdash Code\Apple T05 Programming\Apple T07 Programming\Apple.AC2.T05.Developer.Config_TEMPLATE_v01.06,,,
,RMC3-7FA6D2D6,"RMC3 [v1.503.3318.26859 (Feb 01 2018), #0114570C]",E-00107fa6d2d6,00107fa6d2d6,wf01-5204-rmc3,10.5.1.0/24,10.5.1.73,255.255.255.0,10.5.1.1,,5204,XL VC,,,5,10.5.1.72,,Apple.AC2.T05.Developer.Config_TEMPLATE_v01.06.json,C:\Users\p_sanderson\Documents\All Crestron Code\APPLE\WF01\Pepperdash Code\Apple T05 Programming\Apple T07 Programming\Apple.AC2.T05.Developer.Config_TEMPLATE_v01.06,,,
,RMC3-7FA96294,"RMC3 [v1.503.3318.26859 (Feb 01 2018), #011461D8]",E-00107fa96294,00107fa96294,wf01-5301-rmc3,10.5.1.0/24,10.5.1.77,255.255.255.0,10.5.1.1,,5301,Lrg VC,,,5,10.5.1.76,,Apple.AC2.T05.Developer.Config_TEMPLATE_v01.06.json,C:\Users\p_sanderson\Documents\All Crestron Code\APPLE\WF01\Pepperdash Code\Apple T05 Programming\Apple T07 Programming\Apple.AC2.T05.Developer.Config_TEMPLATE_v01.06,,,
,RMC3-7FA96245,"RMC3 [v1.503.3318.26859 (Feb 01 2018), #011461CF]",E-00107fa96245,00107fa96245,wf01-5306-rmc3,10.5.1.0/24,10.5.1.82,255.255.255.0,10.5.1.1,,5306,Med VC,,,5,10.5.1.81,,Apple.AC2.T05.Developer.Config_TEMPLATE_v01.06.json,C:\Users\p_sanderson\Documents\All Crestron Code\APPLE\WF01\Pepperdash Code\Apple T05 Programming\Apple T07 Programming\Apple.AC2.T05.Developer.Config_TEMPLATE_v01.06,,,
,RMC3-7FA801C7,"RMC3 [v1.503.3318.26859 (Feb 01 2018), #011457DD]",E-00107fa801c7,00107fa801c7,wf01-5410-rmc3,10.5.1.0/24,10.5.1.86,255.255.255.0,10.5.1.1,,5410,Med VC,,,5,10.5.1.85,,Apple.AC2.T05.Developer.Config_TEMPLATE_v01.06.json,C:\Users\p_sanderson\Documents\All Crestron Code\APPLE\WF01\Pepperdash Code\Apple T05 Programming\Apple T07 Programming\Apple.AC2.T05.Developer.Config_TEMPLATE_v01.06,,,
,RMC3-7FA96142,"RMC3 [v1.503.3318.26859 (Feb 01 2018), #011461BD]",E-00107fa96142,00107fa96142,wf01-5414-rmc3,10.5.1.0/24,10.5.1.90,255.255.255.0,10.5.1.1,,5414,Med VC,,,5,10.5.1.89,,Apple.AC2.T05.Developer.Config_TEMPLATE_v01.06.json,C:\Users\p_sanderson\Documents\All Crestron Code\APPLE\WF01\Pepperdash Code\Apple T05 Programming\Apple T07 Programming\Apple.AC2.T05.Developer.Config_TEMPLATE_v01.06,,,
,RMC3-7FA6D339,"RMC3 [v1.503.3318.26859 (Feb 01 2018), #0114570E]",E-00107fa6d339,00107fa6d339,wf01-5415-rmc3,10.5.1.0/24,10.5.1.94,255.255.255.0,10.5.1.1,,5415,Med VC,,,5,10.5.1.93,,Apple.AC2.T05.Developer.Config_TEMPLATE_v01.06.json,C:\Users\p_sanderson\Documents\All Crestron Code\APPLE\WF01\Pepperdash Code\Apple T05 Programming\Apple T07 Programming\Apple.AC2.T05.Developer.Config_TEMPLATE_v01.06,,,
,RMC3-7FA6D708,"RMC3 [v1.503.3318.26859 (Feb 01 2018), #01145729]",E-00107fa6d708,00107fa6d708,wf01-3209-rmc3,10.5.1.0/24,10.5.1.109,255.255.255.0,10.5.1.1,,3209,Sm VC,,,3,10.5.1.108,,Apple.AC2.T05.Developer.Config_TEMPLATE_v01.06.json,C:\Users\p_sanderson\Documents\All Crestron Code\APPLE\WF01\Pepperdash Code\Apple T05 Programming\Apple T07 Programming\Apple.AC2.T05.Developer.Config_TEMPLATE_v01.06,Dual Display,,
,RMC3-7FA9930E,"RMC3 [v1.503.3318.26859 (Feb 01 2018), #011463F8]",E-00107fa9930e,00107fa9930e,wf01-3411-rmc3,10.5.1.0/24,10.5.1.113,255.255.255.0,10.5.1.1,,3411,Lab 4,,,3,,,Apple.AC2.T05.Developer.Config_TEMPLATE_v01.06.json,C:\Users\p_sanderson\Documents\All Crestron Code\APPLE\WF01\Pepperdash Code\Apple T05 Programming\Apple T07 Programming\Apple.AC2.T05.Developer.Config_TEMPLATE_v01.06,,,
,RMC3-7FA96945,"RMC3 [v1.503.3318.26859 (Feb 01 2018), #01146226]",E-00107fa96945,00107fa96945,wf01-1217-rmc3,10.5.1.0/24,10.5.1.118,255.255.255.0,10.5.1.1,,1217,Sm Conf,,,1,,,Apple.AC2.T05.Developer.Config_TEMPLATE_v01.06.json,C:\Users\p_sanderson\Documents\All Crestron Code\APPLE\WF01\Pepperdash Code\Apple T05 Programming\Apple T07 Programming\Apple.AC2.T05.Developer.Config_TEMPLATE_v01.06,,,
,RMC3-7FA6E2ED,"RMC3 [v1.503.3318.26859 (Feb 01 2018), #011457C6]",E-00107fa6e2ed,00107fa6e2ed,wf02-3107-rmc3,10.5.9.0/24,10.5.9.123,255.255.255.0,10.5.9.1,,3107,Lrg VC,,,3,10.5.9.122,,Apple.AC2.T05.Developer.Config_TEMPLATE_v01.06.json,C:\Users\p_sanderson\Documents\All Crestron Code\APPLE\WF01\Pepperdash Code\Apple T05 Programming\Apple T07 Programming\Apple.AC2.T05.Developer.Config_TEMPLATE_v01.06,,,
,RMC3-7FA8017B,"RMC3 [v1.503.3318.26859 (Feb 01 2018), #011457CB]",E-00107fa8017b,00107fa8017b,wf02-3212-rmc3,10.5.9.0/24,10.5.9.126,255.255.255.0,10.5.9.1,,3212,Sm Conf,,,3,,,Apple.AC2.T05.Developer.Config_TEMPLATE_v01.06.json,C:\Users\p_sanderson\Documents\All Crestron Code\APPLE\WF01\Pepperdash Code\Apple T05 Programming\Apple T07 Programming\Apple.AC2.T05.Developer.Config_TEMPLATE_v01.06,,,
,RMC3-7FA99317,"RMC3 [v1.503.3318.26859 (Feb 01 2018), #011463F9]",E-00107fa99317,00107fa99317,wf02-3301-rmc3,10.5.9.0/24,10.5.9.130,255.255.255.0,10.5.9.1,,3301,Med VC,,,3,10.5.9.129,,Apple.AC2.T05.Developer.Config_TEMPLATE_v01.06.json,C:\Users\p_sanderson\Documents\All Crestron Code\APPLE\WF01\Pepperdash Code\Apple T05 Programming\Apple T07 Programming\Apple.AC2.T05.Developer.Config_TEMPLATE_v01.06,,,
,RMC3-7FA6E226,"RMC3 [v1.503.3318.26859 (Feb 01 2018), #011457BA]",E-00107fa6e226,00107fa6e226,wf02-3311-rmc3,10.5.9.0/24,10.5.9.135,255.255.255.0,10.5.9.1,,3311,Sm Conf,,,3,,,Apple.AC2.T05.Developer.Config_TEMPLATE_v01.06.json,C:\Users\p_sanderson\Documents\All Crestron Code\APPLE\WF01\Pepperdash Code\Apple T05 Programming\Apple T07 Programming\Apple.AC2.T05.Developer.Config_TEMPLATE_v01.06,,,
,RMC3-7FA6D6DA,"RMC3 [v1.503.3318.26859 (Feb 01 2018), #01145728]",E-00107fa6d6da,00107fa6d6da,wf02-3312-rmc3,10.5.9.0/24,10.5.9.138,255.255.255.0,10.5.9.1,,3312,Sm Conf,,,3,,,Apple.AC2.T05.Developer.Config_TEMPLATE_v01.06.json,C:\Users\p_sanderson\Documents\All Crestron Code\APPLE\WF01\Pepperdash Code\Apple T05 Programming\Apple T07 Programming\Apple.AC2.T05.Developer.Config_TEMPLATE_v01.06,,,
,RMC3-7FA6E186,"RMC3 [v1.503.3318.26859 (Feb 01 2018), #011457AE]",E-00107fa6e186,00107fa6e186,wf02-3403-rmc3,10.5.9.0/24,10.5.9.142,255.255.255.0,10.5.9.1,,3403,Lrg VC,,,3,10.5.9.141,,Apple.AC2.T05.Developer.Config_TEMPLATE_v01.06.json,C:\Users\p_sanderson\Documents\All Crestron Code\APPLE\WF01\Pepperdash Code\Apple T05 Programming\Apple T07 Programming\Apple.AC2.T05.Developer.Config_TEMPLATE_v01.06,,,
,RMC3-7FA6E290,"RMC3 [v1.503.3318.26859 (Feb 01 2018), #011457BB]",E-00107fa6e290,00107fa6e290,wf02-3410-rmc3,10.5.9.0/24,10.5.9.146,255.255.255.0,10.5.9.1,,3410,Lrg VC,,,3,10.5.9.145,,Apple.AC2.T05.Developer.Config_TEMPLATE_v01.06.json,C:\Users\p_sanderson\Documents\All Crestron Code\APPLE\WF01\Pepperdash Code\Apple T05 Programming\Apple T07 Programming\Apple.AC2.T05.Developer.Config_TEMPLATE_v01.06,,,
,RMC3-7FA96163,"RMC3 [v1.503.3318.26859 (Feb 01 2018), #01146101]",E-00107fa96163,00107fa96163,wf02-3417-rmc3,10.5.9.0/24,10.5.9.150,255.255.255.0,10.5.9.1,,3417,Med VC,,,3,10.5.9.149,,Apple.AC2.T05.Developer.Config_TEMPLATE_v01.06.json,C:\Users\p_sanderson\Documents\All Crestron Code\APPLE\WF01\Pepperdash Code\Apple T05 Programming\Apple T07 Programming\Apple.AC2.T05.Developer.Config_TEMPLATE_v01.06,,,
,RMC3-7FA6D461,"RMC3 [v1.503.3318.26859 (Feb 01 2018), #01145719]",E-00107fa6d461,00107fa6d461,wf02-4220-rmc3,10.5.9.0/24,10.5.9.89,255.255.255.0,10.5.9.1,Hero's,4220,Lab 9 (d),,,4,,,Apple.AC2.T05.Developer.Config_TEMPLATE_v01.06.json,C:\Users\p_sanderson\Documents\All Crestron Code\APPLE\WF01\Pepperdash Code\Apple T05 Programming\Apple T07 Programming\Apple.AC2.T05.Developer.Config_TEMPLATE_v01.06,,,
,RMC3-7FA695E5,"RMC3 [v1.503.3318.26859 (Feb 01 2018), #011454E6]",E-00107fa695e5,00107fa695e5,wf02-4234-rmc3,10.5.9.0/24,10.5.9.93,255.255.255.0,10.5.9.1,Reverse Warrior,4234,Med VC,,,4,10.5.9.92,,Apple.AC2.T05.Developer.Config_TEMPLATE_v01.06.json,C:\Users\p_sanderson\Documents\All Crestron Code\APPLE\WF01\Pepperdash Code\Apple T05 Programming\Apple T07 Programming\Apple.AC2.T05.Developer.Config_TEMPLATE_v01.06,,,
,RMC3-7FA99387,"RMC3 [v1.503.3318.26859 (Feb 01 2018), #011463FF]",E-00107fa99387,00107fa99387,wf02-4301-rmc3,10.5.9.0/24,10.5.9.96,255.255.255.0,10.5.9.1,Crescent,4301,Sm Conf,,,4,,,Apple.AC2.T05.Developer.Config_TEMPLATE_v01.06.json,C:\Users\p_sanderson\Documents\All Crestron Code\APPLE\WF01\Pepperdash Code\Apple T05 Programming\Apple T07 Programming\Apple.AC2.T05.Developer.Config_TEMPLATE_v01.06,,,
,RMC3-7FA80015,"RMC3 [v1.503.3318.26859 (Feb 01 2018), #011457C1]",E-00107fa80015,00107fa80015,wf02-4310-rmc3,10.5.9.0/24,10.5.9.100,255.255.255.0,10.5.9.1,Bird of Paradise,4310,Med VC,,,4,10.5.9.99,,Apple.AC2.T05.Developer.Config_TEMPLATE_v01.06.json,C:\Users\p_sanderson\Documents\All Crestron Code\APPLE\WF01\Pepperdash Code\Apple T05 Programming\Apple T07 Programming\Apple.AC2.T05.Developer.Config_TEMPLATE_v01.06,,,
,RMC3-7FA80226,"RMC3 [v1.503.3318.26859 (Feb 01 2018), #011457D5]",E-00107fa80226,00107fa80226,wf02-4311-rmc3,10.5.9.0/24,10.5.9.104,255.255.255.0,10.5.9.1,Scorpion,4311,Med VC,,,4,10.5.9.103,,Apple.AC2.T05.Developer.Config_TEMPLATE_v01.06.json,C:\Users\p_sanderson\Documents\All Crestron Code\APPLE\WF01\Pepperdash Code\Apple T05 Programming\Apple T07 Programming\Apple.AC2.T05.Developer.Config_TEMPLATE_v01.06,,,
,RMC3-7FA83987,"RMC3 [v1.503.3318.26859 (Feb 01 2018), #011459A8]",E-00107fa83987,00107fa83987,wf02-4403-rmc3,10.5.9.0/24,10.5.9.108,255.255.255.0,10.5.9.1,Downward Dog,4403,Med VC,,,4,10.5.9.107,,Apple.AC2.T05.Developer.Config_TEMPLATE_v01.06.json,C:\Users\p_sanderson\Documents\All Crestron Code\APPLE\WF01\Pepperdash Code\Apple T05 Programming\Apple T07 Programming\Apple.AC2.T05.Developer.Config_TEMPLATE_v01.06,,,
,RMC3-7FA98814,"RMC3 [v1.501.2960.30279 (Feb 08 2017), #011463E2]",E-00107fa98814,00107fa98814,wf02-4408-rmc3,10.5.9.0/24,10.5.9.111,255.255.255.0,10.5.9.1,Upward Dog,4408,Sm Conf,,,4,,,Apple.AC2.T05.Developer.Config_TEMPLATE_v01.06.json,C:\Users\p_sanderson\Documents\All Crestron Code\APPLE\WF01\Pepperdash Code\Apple T05 Programming\Apple T07 Programming\Apple.AC2.T05.Developer.Config_TEMPLATE_v01.06,,,
,RMC3-7FA6DCCC,"RMC3 [v1.501.2960.30279 (Feb 08 2017), #0114577B]",E-00107fa6dccc,00107fa6dccc,wf02-4410-rmc3,10.5.9.0/24,10.5.9.115,255.255.255.0,10.5.9.1,Warrior II,4410,Lrg VC,,,4,10.5.9.114,,Apple.AC2.T05.Developer.Config_TEMPLATE_v01.06.json,C:\Users\p_sanderson\Documents\All Crestron Code\APPLE\WF01\Pepperdash Code\Apple T05 Programming\Apple T07 Programming\Apple.AC2.T05.Developer.Config_TEMPLATE_v01.06,,,
,RMC3-7FA6D83E,"RMC3 [v1.501.2960.30279 (Feb 08 2017), #01145742]",E-00107fa6d83e,00107fa6d83e,wf02-4419-rmc3,10.5.9.0/24,10.5.9.119,255.255.255.0,10.5.9.1,Wild Thing,4419,Med VC,,,4,10.5.9.118,,Apple.AC2.T05.Developer.Config_TEMPLATE_v01.06.json,C:\Users\p_sanderson\Documents\All Crestron Code\APPLE\WF01\Pepperdash Code\Apple T05 Programming\Apple T07 Programming\Apple.AC2.T05.Developer.Config_TEMPLATE_v01.06,,,
,RMC3-7FA6DEF4,"RMC3 [v1.501.2960.30279 (Feb 08 2017), #01145771]",E-00107fa6def4,00107fa6def4,wf02-5206-rmc3,10.5.9.0/24,10.5.9.50,255.255.255.0,10.5.9.1,,5206,Sm Conf,,,5,,,Apple.AC2.T05.Developer.Config_TEMPLATE_v01.06.json,C:\Users\p_sanderson\Documents\All Crestron Code\APPLE\WF01\Pepperdash Code\Apple T05 Programming\Apple T07 Programming\Apple.AC2.T05.Developer.Config_TEMPLATE_v01.06,,,
,RMC3-7FA6D59E,"RMC3 [v1.501.2960.30279 (Feb 08 2017), #01145724]",E-00107fa6d59e,00107fa6d59e,wf02-5210-rmc3,10.5.9.0/24,10.5.9.54,255.255.255.0,10.5.9.1,,5210,Lab 12(a),,,5,10.5.9.53,,Apple.AC2.T05.Developer.Config_TEMPLATE_v01.06.json,C:\Users\p_sanderson\Documents\All Crestron Code\APPLE\WF01\Pepperdash Code\Apple T05 Programming\Apple T07 Programming\Apple.AC2.T05.Developer.Config_TEMPLATE_v01.06,,,
,RMC3-7FA6E2C7,"RMC3 [v1.501.2960.30279 (Feb 08 2017), #011457BE]",E-00107fa6e2c7,00107fa6e2c7,wf02-5214-rmc3,10.5.9.0/24,10.5.9.58,255.255.255.0,10.5.9.1,,5214,Lab 12(b),,,5,10.5.9.57,,Apple.AC2.T05.Developer.Config_TEMPLATE_v01.06.json,C:\Users\p_sanderson\Documents\All Crestron Code\APPLE\WF01\Pepperdash Code\Apple T05 Programming\Apple T07 Programming\Apple.AC2.T05.Developer.Config_TEMPLATE_v01.06,,,
,RMC3-7FA6D42F,"RMC3 [v1.501.2960.30279 (Feb 08 2017), #01145712]",E-00107fa6d42f,00107fa6d42f,wf02-5217-rmc3,10.5.9.0/24,10.5.9.62,255.255.255.0,10.5.9.1,,5217,Med VC,,,5,10.5.9.61,,Apple.AC2.T05.Developer.Config_TEMPLATE_v01.06.json,C:\Users\p_sanderson\Documents\All Crestron Code\APPLE\WF01\Pepperdash Code\Apple T05 Programming\Apple T07 Programming\Apple.AC2.T05.Developer.Config_TEMPLATE_v01.06,,,
,RMC3-7FA6DFAC,"RMC3 [v1.501.2960.30279 (Feb 08 2017), #0114579D]",E-00107fa6dfac,00107fa6dfac,wf02-5314-rmc3,10.5.9.0/24,10.5.9.66,255.255.255.0,10.5.9.1,,5314,Med VC,,,5,10.5.9.65,,Apple.AC2.T05.Developer.Config_TEMPLATE_v01.06.json,C:\Users\p_sanderson\Documents\All Crestron Code\APPLE\WF01\Pepperdash Code\Apple T05 Programming\Apple T07 Programming\Apple.AC2.T05.Developer.Config_TEMPLATE_v01.06,,,
,RMC3-7FA6DC2E,"RMC3 [v1.501.2960.30279 (Feb 08 2017), #0114576D]",E-00107fa6dc2e,00107fa6dc2e,wf02-5317-rmc3,10.5.9.0/24,10.5.9.70,255.255.255.0,10.5.9.1,,5317,Med VC,,,5,10.5.9.69,,Apple.AC2.T05.Developer.Config_TEMPLATE_v01.06.json,C:\Users\p_sanderson\Documents\All Crestron Code\APPLE\WF01\Pepperdash Code\Apple T05 Programming\Apple T07 Programming\Apple.AC2.T05.Developer.Config_TEMPLATE_v01.06,,,
,RMC3-7FA6D33A,"RMC3 [v1.501.2960.30279 (Feb 08 2017), #01145705]",E-00107fa6d33a,00107fa6d33a,wf02-5318-rmc3,10.5.9.0/24,10.5.9.74,255.255.255.0,10.5.9.1,,5318,Med VC,,,5,10.5.9.73,,Apple.AC2.T05.Developer.Config_TEMPLATE_v01.06.json,C:\Users\p_sanderson\Documents\All Crestron Code\APPLE\WF01\Pepperdash Code\Apple T05 Programming\Apple T07 Programming\Apple.AC2.T05.Developer.Config_TEMPLATE_v01.06,,,
,RMC3-7FA6E005,"RMC3 [v1.501.2960.30279 (Feb 08 2017), #0114579E]",E-00107fa6e005,00107fa6e005,wf02-5403-rmc3,10.5.9.0/24,10.5.9.78,255.255.255.0,10.5.9.1,,5403,XL VC,,,5,10.5.9.77,,Apple.AC2.T05.Developer.Config_TEMPLATE_v01.06.json,C:\Users\p_sanderson\Documents\All Crestron Code\APPLE\WF01\Pepperdash Code\Apple T05 Programming\Apple T07 Programming\Apple.AC2.T05.Developer.Config_TEMPLATE_v01.06,,,
,RMC3-7FA6D70F,"RMC3 [v1.501.2960.30279 (Feb 08 2017), #0114572E]",E-00107fa6d70f,00107fa6d70f,wf02-5410-rmc3,10.5.9.0/24,10.5.9.82,255.255.255.0,10.5.9.1,,5410,Lrg VC,,,5,10.5.9.81,,Apple.AC2.T05.Developer.Config_TEMPLATE_v01.06.json,C:\Users\p_sanderson\Documents\All Crestron Code\APPLE\WF01\Pepperdash Code\Apple T05 Programming\Apple T07 Programming\Apple.AC2.T05.Developer.Config_TEMPLATE_v01.06,,,
,RMC3-7FA9BB36,"RMC3 [v1.501.2960.30279 (Feb 08 2017), #01146472]",E-00107fa9bb36,00107fa9bb36,wf02-5421-rmc3,10.5.9.0/24,10.5.9.86,255.255.255.0,10.5.9.1,,5421,Med VC,,,5,10.5.9.85,,Apple.AC2.T05.Developer.Config_TEMPLATE_v01.06.json,C:\Users\p_sanderson\Documents\All Crestron Code\APPLE\WF01\Pepperdash Code\Apple T05 Programming\Apple T07 Programming\Apple.AC2.T05.Developer.Config_TEMPLATE_v01.06,,,
,RMC3-7FA80397,"RMC3 [v1.501.2960.30279 (Feb 08 2017), #011457EC]",E-00107fa80397,00107fa80397,wf01-6116-rmc3,10.5.1.0/24,10.5.1.11,255.255.255.0,10.5.1.1,Copperopolis,6116,Sm Conf,,,6,,,Apple.AC2.T05.Developer.Config_TEMPLATE_v01.06.json,C:\Users\p_sanderson\Documents\All Crestron Code\APPLE\WF01\Pepperdash Code\Apple T05 Programming\Apple T07 Programming\Apple.AC2.T05.Developer.Config_TEMPLATE_v01.06,,,
,DM-RMC-956f40,"DM-RMC-4K-100-C 8G STP Roombox [v1.2625.00021, #0000070B]",,00107F956f40,wf01-3209-rmc,10.5.1.0/24,10.5.1.110,255.255.255.0,10.5.1.1,,3209,Sm VC,10.5.1.109,71,,,,,,,,
,DM-RMC-956f58,"DM-RMC-4K-100-C 8G STP Roombox [v1.2625.00021, #0000070B]",,00107F956f58,wf01-3411-rmc,10.5.1.0/24,10.5.1.114,255.255.255.0,10.5.1.1,,3411,Lab 4,10.5.1.113,71,,,,,,,,
,DM-RMC-956f5c,"DM-RMC-4K-100-C 8G STP Roombox [v1.2625.00021, #0000070B]",,00107F956f5c,wf01-5108-rmc,10.5.1.0/24,10.5.1.55,255.255.255.0,10.5.1.1,,5108,Med VC,10.5.1.54,71,,,,,,,,
,DM-RMC-956f67,"DM-RMC-4K-100-C 8G STP Roombox [v1.2625.00021, #0000070B]",,00107F956f67,wf01-5120-rmc,10.5.1.0/24,10.5.1.59,255.255.255.0,10.5.1.1,,5120,Med VC,10.5.1.58,71,,,,,,,,
,DM-RMC-9571ed,"DM-RMC-4K-100-C 8G STP Roombox [v1.2625.00021, #0000070B]",,00107F9571ed,wf01-5124-rmc,10.5.1.0/24,10.5.1.66,255.255.255.0,10.5.1.1,,5124,Med VC,10.5.1.65,71,,,,,,,,
,DM-RMC-958f32,"DM-RMC-4K-100-C 8G STP Roombox [v1.2625.00021, #0000070B]",,00107F958f32,wf01-5125-rmc,10.5.1.0/24,10.5.1.70,255.255.255.0,10.5.1.1,,5125,Lrg VC,10.5.1.69,71,,,,,,,,
,DM-RMC-956f77,"DM-RMC-4K-100-C 8G STP Roombox [v1.2625.00021, #0000070B]",,00107F956f77,wf01-5204-rmc,10.5.1.0/24,10.5.1.74,255.255.255.0,10.5.1.1,,5204,XL VC,10.5.1.73,71,,,,,,,,
,DM-RMC-956e09,"DM-RMC-4K-100-C 8G STP Roombox [v1.2625.00021, #0000070B]",,00107F956e09,wf01-5301-rmc,10.5.1.0/24,10.5.1.78,255.255.255.0,10.5.1.1,,5301,Lrg VC,10.5.1.77,71,,,,,,,,
,DM-RMC-956e75,"DM-RMC-4K-100-C 8G STP Roombox [v1.2625.00021, #0000070B]",,00107F956e75,wf01-5306-rmc,10.5.1.0/24,10.5.1.83,255.255.255.0,10.5.1.1,,5306,Med VC,10.5.1.82,71,,,,,,,,
,DM-RMC-956e11,"DM-RMC-4K-100-C 8G STP Roombox [v1.2625.00021, #0000070B]",,00107F956e11,wf01-5410-rmc,10.5.1.0/24,10.5.1.87,255.255.255.0,10.5.1.1,,5410,Med VC,10.5.1.86,71,,,,,,,,
,DM-RMC-956e12,"DM-RMC-4K-100-C 8G STP Roombox [v1.2625.00021, #0000070B]",,00107F956e12,wf01-5414-rmc,10.5.1.0/24,10.5.1.91,255.255.255.0,10.5.1.1,,5414,Med VC,10.5.1.90,71,,,,,,,,
,DM-RMC-956f83,"DM-RMC-4K-100-C 8G STP Roombox [v1.2625.00021, #0000070B]",,00107F956f83,wf01-5415-rmc,10.5.1.0/24,10.5.1.95,255.255.255.0,10.5.1.1,,5415,Med VC,10.5.1.94,71,,,,,,,,
,DM-RMC-956e78,"DM-RMC-4K-100-C 8G STP Roombox [v1.2625.00021, #0000070B]",,00107F956e78,wf01-5430-rmc,10.5.1.0/24,10.5.1.97,255.255.255.0,10.5.1.1,,5430,Lab 6(e),,,,,,,,,,
,DM-RMC-956ccf,"DM-RMC-4K-100-C 8G STP Roombox [v1.2625.00021, #0000070B]",,00107F956ccf,wf01-5433-rmc,10.5.1.0/24,10.5.1.100,255.255.255.0,10.5.1.1,,5433,Lab 6(c),,,,,,,,,,
,DM-RMC-956e7f,"DM-RMC-4K-100-C 8G STP Roombox [v1.2625.00021, #0000070B]",,00107F956e7f,wf02-5210-rmc,10.5.9.0/24,10.5.9.55,255.255.255.0,10.5.9.1,,5210,Lab 12(a),10.5.9.54,71,,,,,,,,
,DM-RMC-956e14,"DM-RMC-4K-100-C 8G STP Roombox [v1.2625.00021, #0000070B]",,00107F956e14,wf02-5214-rmc,10.5.9.0/24,10.5.9.59,255.255.255.0,10.5.9.1,,5214,Lab 12(b),10.5.9.58,71,,,,,,,,
,DM-RMC-956e1e,"DM-RMC-4K-100-C 8G STP Roombox [v1.2625.00021, #0000070B]",,00107F956e1e,wf02-5217-rmc,10.5.9.0/24,10.5.9.63,255.255.255.0,10.5.9.1,,5217,Med VC,10.5.9.62,71,,,,,,,,
,DM-RMC-956cd6,"DM-RMC-4K-100-C 8G STP Roombox [v1.2625.00021, #0000070B]",,00107F956cd6,wf02-5314-rmc,10.5.9.0/24,10.5.9.67,255.255.255.0,10.5.9.1,,5314,Med VC,10.5.9.66,71,,,,,,,,
,DM-RMC-956e23,"DM-RMC-4K-100-C 8G STP Roombox [v1.2625.00021, #0000070B]",,00107F956e23,wf02-5317-rmc,10.5.9.0/24,10.5.9.71,255.255.255.0,10.5.9.1,,5317,Med VC,10.5.9.70,71,,,,,,,,
,DM-RMC-956cdd,"DM-RMC-4K-100-C 8G STP Roombox [v1.2625.00021, #0000070B]",,00107F956cdd,wf02-5318-rmc,10.5.9.0/24,10.5.9.75,255.255.255.0,10.5.9.1,,5318,Med VC,10.5.9.74,71,,,,,,,,
,DM-RMC-956e8c,"DM-RMC-4K-100-C 8G STP Roombox [v1.2625.00021, #0000070B]",,00107F956e8c,wf02-5403-rmc,10.5.9.0/24,10.5.9.79,255.255.255.0,10.5.9.1,,5403,XL VC,10.5.9.78,71,,,,,,,,
,DM-RMC-956ce1,"DM-RMC-4K-100-C 8G STP Roombox [v1.2625.00021, #0000070B]",,00107F956ce1,wf02-5410-rmc,10.5.9.0/24,10.5.9.83,255.255.255.0,10.5.9.1,,5410,Lrg VC,10.5.9.82,71,,,,,,,,
,DM-RMC-956e91,"DM-RMC-4K-100-C 8G STP Roombox [v1.2625.00021, #0000070B]",,00107F956e91,wf02-5421-rmc,10.5.9.0/24,10.5.9.87,255.255.255.0,10.5.9.1,,5421,Med VC,10.5.9.86,71,,,,,,,,
,DM-RMC-956faa,"DM-RMC-4K-100-C 8G STP Roombox [v1.2625.00021, #0000070B]",,00107F956faa,wf02-3107-rmc,10.5.9.0/24,10.5.9.124,255.255.255.0,10.5.9.1,,3107,Lrg VC,10.5.9.123,71,,,,,,,,
,DM-RMC-956f49,"DM-RMC-4K-100-C 8G STP Roombox [v1.2625.00021, #0000070B]",,00107F956f49,wf02-3301-rmc,10.5.9.0/24,10.5.9.131,255.255.255.0,10.5.9.1,,3301,Med VC,10.5.9.130,71,,,,,,,,
,DM-RMC-956fb6,"DM-RMC-4K-100-C 8G STP Roombox [v1.2625.00021, #0000070B]",,00107F956fb6,wf02-3403-rmc,10.5.9.0/24,10.5.9.143,255.255.255.0,10.5.9.1,,3403,Lrg VC,10.5.9.142,71,,,,,,,,
,DM-RMC-956fb0,"DM-RMC-4K-100-C 8G STP Roombox [v1.2625.00021, #0000070B]",,00107F956fb0,wf02-3410-rmc,10.5.9.0/24,10.5.9.147,255.255.255.0,10.5.9.1,,3410,Lrg VC,10.5.9.146,71,,,,,,,,
,DM-RMC-956e3f,"DM-RMC-4K-100-C 8G STP Roombox [v1.2625.00021, #0000070B]",,00107F956e3f,wf02-3417-rmc,10.5.9.0/24,10.5.9.151,255.255.255.0,10.5.9.1,,3417,Med VC,10.5.9.150,71,,,,,,,,
,DM-RMC-956ce4,"DM-RMC-4K-100-C 8G STP Roombox [v1.2625.00021, #0000070B]",,00107F956ce4,wf02-4234-rmc,10.5.9.0/24,10.5.9.94,255.255.255.0,10.5.9.1,Reverse Warrior,4234,Med VC,10.5.9.93,71,,,,,,,,
,DM-RMC-956f36,"DM-RMC-4K-100-C 8G STP Roombox [v1.2625.00021, #0000070B]",,00107F956f36,wf02-4310-rmc,10.5.9.0/24,10.5.9.101,255.255.255.0,10.5.9.1,Bird of Paradise,4310,Med VC,10.5.9.100,71,,,,,,,,
,DM-RMC-956cf5,"DM-RMC-4K-100-C 8G STP Roombox [v1.2625.00021, #0000070B]",,00107F956cf5,wf02-4311-rmc,10.5.9.0/24,10.5.9.105,255.255.255.0,10.5.9.1,Scorpion,4311,Med VC,10.5.9.104,71,,,,,,,,
,DM-RMC-956f6e,"DM-RMC-4K-100-C 8G STP Roombox [v1.2625.00021, #0000070B]",,00107F956f6e,wf02-4403-rmc,10.5.9.0/24,10.5.9.109,255.255.255.0,10.5.9.1,Downward Dog,4403,Med VC,10.5.9.108,71,,,,,,,,
,DM-RMC-956fb5,"DM-RMC-4K-100-C 8G STP Roombox [v1.2625.00021, #0000070B]",,00107F956fb5,wf02-4410-rmc,10.5.9.0/24,10.5.9.116,255.255.255.0,10.5.9.1,Warrior II,4410,Lrg VC,10.5.9.115,71,,,,,,,,
,DM-RMC-956e48,"DM-RMC-4K-100-C 8G STP Roombox [v1.2625.00021, #0000070B]",,00107F956e48,wf02-4419-rmc,10.5.9.0/24,10.5.9.120,255.255.255.0,10.5.9.1,Wild Thing,4419,Med VC,10.5.9.119,71,,,,,,,,
,DM-RMC-4K-SCALER-C-a1f6c9,"DM-RMC-4K-SCALER-C Roombox [v1.2911.00057, #8672A192]",,00107Fa1f6c9,wf02-5206-rmc,10.5.9.0/24,10.5.9.51,255.255.255.0,10.5.9.1,,5206,Sm Conf,10.5.9.50,71,,,,,,,,
,DM-RMC-4K-SCALER-C-a1f6c3,"DM-RMC-4K-SCALER-C Roombox [v1.2911.00057, #8672A0AE]",,00107Fa1f6c3,wf01-1217-rmc,10.5.1.0/24,10.5.1.119,255.255.255.0,10.5.1.1,,1217,Sm Conf,10.5.1.118,71,,,,,,,,
,DM-RMC-4K-SCALER-C-a707db,"DM-RMC-4K-SCALER-C Roombox [v1.2911.00057, #86828EC3]",,00107Fa707db,wf01-5121-rmc,10.5.1.0/24,10.5.1.62,255.255.255.0,10.5.1.1,,5121,Sm Conf,10.5.1.61,71,,,,,,,,
,DM-RMC-4K-SCALER-C-a1f686,"DM-RMC-4K-SCALER-C Roombox [v1.2911.00057, #867299DC]",,00107Fa1f686,wf02-3212-rmc,10.5.9.0/24,10.5.9.127,255.255.255.0,10.5.9.1,,3212,Sm Conf,10.5.9.126,71,,,,,,,,
,DM-RMC-4K-SCALER-C-a1f68a,"DM-RMC-4K-SCALER-C Roombox [v1.2911.00057, #8672A0A1]",,00107Fa1f68a,wf02-3311-rmc,10.5.9.0/24,10.5.9.136,255.255.255.0,10.5.9.1,,3311,Sm Conf,10.5.9.135,71,,,,,,,,
,DM-RMC-4K-SCALER-C-a1f68f,"DM-RMC-4K-SCALER-C Roombox [v1.2911.00057, #867299E1]",,00107Fa1f68f,wf02-3312-rmc,10.5.9.0/24,10.5.9.139,255.255.255.0,10.5.9.1,,3312,Sm Conf,10.5.9.138,71,,,,,,,,
,DM-RMC-4K-SCALER-C-a1f690,"DM-RMC-4K-SCALER-C Roombox [v1.2911.00057, #867299DF]",,00107Fa1f690,wf02-4301-rmc,10.5.9.0/24,10.5.9.97,255.255.255.0,10.5.9.1,Crescent,4301,Sm Conf,10.5.9.96,71,,,,,,,,
,DM-RMC-4K-SCALER-C-a1f694,"DM-RMC-4K-SCALER-C Roombox [v1.2911.00057, #867299E2]",,00107Fa1f694,wf02-4408-rmc,10.5.9.0/24,10.5.9.112,255.255.255.0,10.5.9.1,Upward Dog,4408,Sm Conf,10.5.9.111,71,,,,,,,,
,DM-RMC-4K-SCALER-C-a1f6a1,"DM-RMC-4K-SCALER-C Roombox [v1.2911.00057, #8672A18F]",,00107Fa1f6a1,wf01-6116-rmc,10.5.1.0/24,10.5.1.12,255.255.255.0,10.5.1.1,Copperopolis,6116,Sm Conf,10.5.1.11,71,,,,,,,,
,DM-TX-4K-202-C-a74bbe,"DM-TX-4K-202-C HDMI Input Wallplate [v1.2911.00067, #86B280ED]",,00107Fa74bbe,wf01-1217-tx,10.5.1.0/24,10.5.1.120,255.255.255.0,10.5.1.1,,1217,Sm Conf,10.5.1.118,61,,,,,,,,
,DM-TX-4K-202-C-a74bbf,"DM-TX-4K-202-C HDMI Input Wallplate [v1.2911.00067, #86B280EE]",,00107Fa74bbf,wf01-3209-tx,10.5.1.0/24,10.5.1.111,255.255.255.0,10.5.1.1,,3209,Sm VC,10.5.1.109,61,,,,,,,,
,DM-TX-4K-202-C-a7489d,"DM-TX-4K-202-C HDMI Input Wallplate [v1.2911.00067, #864289C9]",,00107Fa7489d,wf01-3411-tx,10.5.1.0/24,10.5.1.115,255.255.255.0,10.5.1.1,,3411,Lab 4,10.5.1.113,61,,,,,,,,
,DM-TX-4K-202-C-a74b59,"DM-TX-4K-202-C HDMI Input Wallplate [v1.2911.00067, #86B280E4]",,00107Fa74b59,wf02-3107-tx,10.5.9.0/24,10.5.9.125,255.255.255.0,10.5.9.1,,3107,Lrg VC,10.5.9.123,61,,,,,,,,
,DM-TX-4K-202-C-a74c01,"DM-TX-4K-202-C HDMI Input Wallplate [v1.2911.00067, #86B280F8]",,00107Fa74c01,wf02-3212-tx,10.5.9.0/24,10.5.9.128,255.255.255.0,10.5.9.1,,3212,Sm Conf,10.5.9.126,61,,,,,,,,
,DM-TX-4K-202-C-a74c04,"DM-TX-4K-202-C HDMI Input Wallplate [v1.2911.00067, #86B280FB]",,00107Fa74c04,wf02-3301-tx,10.5.9.0/24,10.5.9.132,255.255.255.0,10.5.9.1,,3301,Med VC,10.5.9.130,61,,,,,,,,
,DM-TX-4K-202-C-a74b60,"DM-TX-4K-202-C HDMI Input Wallplate [v1.2911.00067, #86B280E6]",,00107Fa74b60,wf02-3311-tx,10.5.9.0/24,10.5.9.137,255.255.255.0,10.5.9.1,,3311,Sm Conf,10.5.9.135,61,,,,,,,,
,DM-TX-4K-202-C-a74abf,"DM-TX-4K-202-C HDMI Input Wallplate [v1.2911.00067, #86428A1B]",,00107Fa74abf,wf02-3312-tx,10.5.9.0/24,10.5.9.140,255.255.255.0,10.5.9.1,,3312,Sm Conf,10.5.9.138,61,,,,,,,,
,DM-TX-4K-202-C-a753bd,"DM-TX-4K-202-C HDMI Input Wallplate [v1.2911.00067, #86B288B2]",,00107Fa753bd,wf02-3403-tx,10.5.9.0/24,10.5.9.144,255.255.255.0,10.5.9.1,,3403,Lrg VC,10.5.9.142,61,,,,,,,,
,DM-TX-4K-202-C-a74bce,"DM-TX-4K-202-C HDMI Input Wallplate [v1.2911.00067, #86B280EF]",,00107Fa74bce,wf02-3410-tx,10.5.9.0/24,10.5.9.148,255.255.255.0,10.5.9.1,,3410,Lrg VC,10.5.9.146,61,,,,,,,,
,DM-TX-4K-202-C-a74b68,"DM-TX-4K-202-C HDMI Input Wallplate [v1.2911.00067, #86B280E8]",,00107Fa74b68,wf02-3417-tx,10.5.9.0/24,10.5.9.152,255.255.255.0,10.5.9.1,,3417,Med VC,10.5.9.150,61,,,,,,,,
,DM-TX-4K-202-C-a74b01,"DM-TX-4K-202-C HDMI Input Wallplate [v1.2911.00067, #86428A26]",,00107Fa74b01,wf02-4234-tx,10.5.9.0/24,10.5.9.95,255.255.255.0,10.5.9.1,Reverse Warrior,4234,Med VC,10.5.9.93,61,,,,,,,,
,DM-TX-4K-202-C-a74ac3,"DM-TX-4K-202-C HDMI Input Wallplate [v1.2911.00067, #86428A1C]",,00107Fa74ac3,wf02-4301-tx,10.5.9.0/24,10.5.9.98,255.255.255.0,10.5.9.1,Crescent,4301,Sm Conf,10.5.9.96,61,,,,,,,,
,DM-TX-4K-202-C-a74b6b,"DM-TX-4K-202-C HDMI Input Wallplate [v1.2911.00067, #86B280E9]",,00107Fa74b6b,wf02-4310-tx,10.5.9.0/24,10.5.9.102,255.255.255.0,10.5.9.1,Bird of Paradise,4310,Med VC,10.5.9.100,61,,,,,,,,
,DM-TX-4K-202-C-a74ac7,"DM-TX-4K-202-C HDMI Input Wallplate [v1.2911.00067, #86428A1D]",,00107Fa74ac7,wf02-4311-tx,10.5.9.0/24,10.5.9.106,255.255.255.0,10.5.9.1,Scorpion,4311,Med VC,10.5.9.104,61,,,,,,,,
,DM-TX-4K-202-C-a74b6f,"DM-TX-4K-202-C HDMI Input Wallplate [v1.2911.00067, #86B280D9]",,00107Fa74b6f,wf02-4403-tx,10.5.9.0/24,10.5.9.110,255.255.255.0,10.5.9.1,Downward Dog,4403,Med VC,10.5.9.108,61,,,,,,,,
,DM-TX-4K-202-C-a74c14,"DM-TX-4K-202-C HDMI Input Wallplate [v1.2911.00067, #86B280FC]",,00107Fa74c14,wf02-4408-tx,10.5.9.0/24,10.5.9.113,255.255.255.0,10.5.9.1,Upward Dog,4408,Sm Conf,10.5.9.111,61,,,,,,,,
,DM-TX-4K-202-C-a74b0b,"DM-TX-4K-202-C HDMI Input Wallplate [v1.2911.00067, #86428A2C]",,00107Fa74b0b,wf02-4410-tx,10.5.9.0/24,10.5.9.117,255.255.255.0,10.5.9.1,Warrior II,4410,Lrg VC,10.5.9.115,61,,,,,,,,
,DM-TX-4K-202-C-a74c19,"DM-TX-4K-202-C HDMI Input Wallplate [v1.2911.00067, #86B28101]",,00107Fa74c19,wf02-4419-tx,10.5.9.0/24,10.5.9.121,255.255.255.0,10.5.9.1,Wild Thing,4419,Med VC,10.5.9.119,61,,,,,,,,
,DM-TX-4K-202-C-a74b14,"DM-TX-4K-202-C HDMI Input Wallplate [v1.2911.00067, #86428A28]",,00107Fa74b14,wf01-5108-tx,10.5.1.0/24,10.5.1.56,255.255.255.0,10.5.1.1,,5108,Med VC,10.5.1.54,61,,,,,,,,
,DM-TX-4K-202-C-a74b7d,"DM-TX-4K-202-C HDMI Input Wallplate [v1.2911.00067, #86B280D4]",,00107Fa74b7d,wf01-5120-tx,10.5.1.0/24,10.5.1.60,255.255.255.0,10.5.1.1,,5120,Med VC,10.5.1.58,61,,,,,,,,
,DM-TX-4K-202-C-a74be9,"DM-TX-4K-202-C HDMI Input Wallplate [v1.2911.00067, #86B280F6]",,00107Fa74be9,wf01-5121-tx,10.5.1.0/24,10.5.1.63,255.255.255.0,10.5.1.1,,5121,Sm Conf,10.5.1.61,61,,,,,,,,
,DM-TX-4K-202-C-a74b1f,"DM-TX-4K-202-C HDMI Input Wallplate [v1.2911.00067, #86428A2B]",,00107Fa74b1f,wf01-5124-tx,10.5.1.0/24,10.5.1.67,255.255.255.0,10.5.1.1,,5124,Med VC,10.5.1.65,61,,,,,,,,
,DM-TX-4K-202-C-a74ae3,"DM-TX-4K-202-C HDMI Input Wallplate [v1.2911.00067, #86428A20]",,00107Fa74ae3,wf01-5125-tx,10.5.1.0/24,10.5.1.71,255.255.255.0,10.5.1.1,,5125,Lrg VC,10.5.1.69,61,,,,,,,,
,DM-TX-4K-202-C-a74b87,"DM-TX-4K-202-C HDMI Input Wallplate [v1.2911.00067, #86B280D6]",,00107Fa74b87,wf01-5204-tx,10.5.1.0/24,10.5.1.75,255.255.255.0,10.5.1.1,,5204,XL VC,10.5.1.73,61,,,,,,,,
,DM-TX-4K-202-C-a74ae4,"DM-TX-4K-202-C HDMI Input Wallplate [v1.2911.00067, #86428A1F]",,00107Fa74ae4,wf01-5301-tx,10.5.1.0/24,10.5.1.79,255.255.255.0,10.5.1.1,,5301,Lrg VC,10.5.1.77,61,,,,,,,,
,DM-TX-4K-202-C-a74b24,"DM-TX-4K-202-C HDMI Input Wallplate [v1.2911.00067, #86428A2A]",,00107Fa74b24,wf01-5306-tx,10.5.1.0/24,10.5.1.84,255.255.255.0,10.5.1.1,,5306,Med VC,10.5.1.82,61,,,,,,,,
,DM-TX-4K-202-C-a74b8b,"DM-TX-4K-202-C HDMI Input Wallplate [v1.2911.00067, #86B280D8]",,00107Fa74b8b,wf01-5410-tx,10.5.1.0/24,10.5.1.88,255.255.255.0,10.5.1.1,,5410,Med VC,10.5.1.86,61,,,,,,,,
,DM-TX-4K-202-C-a74ae7,"DM-TX-4K-202-C HDMI Input Wallplate [v1.2911.00067, #86428A21]",,00107Fa74ae7,wf01-5414-tx,10.5.1.0/24,10.5.1.92,255.255.255.0,10.5.1.1,,5414,Med VC,10.5.1.90,61,,,,,,,,
,DM-TX-4K-202-C-a7541f,"DM-TX-4K-202-C HDMI Input Wallplate [v1.2911.00067, #86B288C8]",,00107Fa7541f,wf01-5415-tx,10.5.1.0/24,10.5.1.96,255.255.255.0,10.5.1.1,,5415,Med VC,10.5.1.94,61,,,,,,,,
,DM-TX-4K-202-C-a74b2b,"DM-TX-4K-202-C HDMI Input Wallplate [v1.2911.00067, #86B280CD]",,00107Fa74b2b,wf02-5206-tx,10.5.9.0/24,10.5.9.52,255.255.255.0,10.5.9.1,,5206,Sm Conf,10.5.9.50,61,,,,,,,,
,DM-TX-4K-202-C-a74af1,"DM-TX-4K-202-C HDMI Input Wallplate [v1.2911.00067, #864289F8]",,00107Fa74af1,wf02-5210-tx,10.5.9.0/24,10.5.9.56,255.255.255.0,10.5.9.1,,5210,Lab 12(a),10.5.9.54,61,,,,,,,,
,DM-TX-4K-202-C-a752ed,"DM-TX-4K-202-C HDMI Input Wallplate [v1.2911.00067, #86B288AB]",,00107Fa752ed,wf02-5214-tx,10.5.9.0/24,10.5.9.60,255.255.255.0,10.5.9.1,,5214,Lab 12(b),10.5.9.58,61,,,,,,,,
,DM-TX-4K-202-C-a74b40,"DM-TX-4K-202-C HDMI Input Wallplate [v1.2911.00067, #86B280D0]",,00107Fa74b40,wf02-5217-tx,10.5.9.0/24,10.5.9.64,255.255.255.0,10.5.9.1,,5217,Med VC,10.5.9.62,61,,,,,,,,
,DM-TX-4K-202-C-a74b48,"DM-TX-4K-202-C HDMI Input Wallplate [v1.2911.00067, #86B280D3]",,00107Fa74b48,wf02-5314-tx,10.5.9.0/24,10.5.9.68,255.255.255.0,10.5.9.1,,5314,Med VC,10.5.9.66,61,,,,,,,,
,DM-TX-4K-202-C-a74baf,"DM-TX-4K-202-C HDMI Input Wallplate [v1.2911.00067, #86B280EC]",,00107Fa74baf,wf02-5317-tx,10.5.9.0/24,10.5.9.72,255.255.255.0,10.5.9.1,,5317,Med VC,10.5.9.70,61,,,,,,,,
,DM-TX-4K-202-C-a74bb2,"DM-TX-4K-202-C HDMI Input Wallplate [v1.2911.00067, #86B280F2]",,00107Fa74bb2,wf02-5318-tx,10.5.9.0/24,10.5.9.76,255.255.255.0,10.5.9.1,,5318,Med VC,10.5.9.74,61,,,,,,,,
,DM-TX-4K-202-C-a75299,"DM-TX-4K-202-C HDMI Input Wallplate [v1.2911.00067, #86B288A2]",,00107Fa75299,wf02-5403-tx,10.5.9.0/24,10.5.9.80,255.255.255.0,10.5.9.1,,5403,XL VC,10.5.9.78,61,,,,,,,,
,DM-TX-4K-202-C-a74b51,"DM-TX-4K-202-C HDMI Input Wallplate [v1.2911.00067, #86B280E2]",,00107Fa74b51,wf02-5410-tx,10.5.9.0/24,10.5.9.84,255.255.255.0,10.5.9.1,,5410,Lrg VC,10.5.9.82,61,,,,,,,,
,DM-TX-4K-202-C-a74bb9,"DM-TX-4K-202-C HDMI Input Wallplate [v1.2911.00067, #86B280DD]",,00107Fa74bb9,wf02-5421-tx,10.5.9.0/24,10.5.9.88,255.255.255.0,10.5.9.1,,5421,Med VC,10.5.9.86,61,,,,,,,,
,,,,,,,,,,,,,,,,,,,,,,
,,,,,,,,,,,,,,,,,,,,,,
192.168.1.140,DM-NVX-350-00107FB05B12,"DM-NVX-350 [v1.3626.00053 (Apr 17 2018), #87F2839F]",E-00107fb05b12,,test-nvx-host,,192.168.1.77,255.255.255.0,192.168.1.1,,nah,pdsk,192.168.5.50,50,,,,,,,,
,,,,,,,,,,,,,,,,,,,,,,
,,,,,,,,,,,,,,,,,,,,,,
,,,,,,,,,,,,,,,,,,,,,,
,,,,,,,,,,,,,,,,,,,,,,
,,,,,,,,,,,,,,,,,,,,,,
,,,,,,,,,,,,,,,,,,,,,,
,,,,,,,,,,,,,,,,,,,,,,
,,,,,,,,,,,,,,,,,,,,,,
,,DM-TX-200-C-2G,,,wf01-5430-tx,10.5.1.0/24,10.5.1.98,255.255.255.0,10.5.1.1,,5430,Lab 6(e),,,,,,,,,,
,,DM-TX-200-C-2G,,,wf01-5433-tx,10.5.1.0/24,10.5.1.101,255.255.255.0,10.5.1.1,,5433,Lab 6(c),,,,,,,,,,
